Label,# Samples,Average,Median,90% Line,95% Line,99% Line,Min,Max,Error %,Throughput,Received KB/sec,Sent KB/sec
edit-listing:/edit-listing,5000,6730,6363,11791,12887,15335,412,21469,0.000%,6.16125,41.92,15.37
TOTAL,5000,6730,6363,11791,12887,15335,412,21469,0.000%,6.16125,41.92,15.37
