Label,# Samples,Average,Median,90% Line,95% Line,99% Line,Min,Max,Error %,Throughput,Received KB/sec,Sent KB/sec
order-get:order-get,1000,1865,1819,2565,2803,3228,298,3552,0.000%,12.86207,4181.65,18.10
TOTAL,1000,1865,1819,2565,2803,3228,298,3552,0.000%,12.86207,4181.65,18.10
